ma_xa,ten_xa,cum_han_du_bao,so_mau_train,so_mau_test,mae_truoc,mae_sau,bias_truoc,bias_sau
1,"Xã Tuyên Phú",D+1-3,1845,792,5.03,6.83,0.03,3.31
1,"Xã Tuyên Phú",D+4-7,2446,1056,5.9,7.96,-0.65,3.72
2,"Xã Hòa Trạch",D+1-3,1845,792,6.45,10.11,0.62,5.12
2,"Xã Hòa Trạch",D+4-7,2446,1056,7.24,10.81,0.71,4.93
3,"Xã Ninh Châu",D+1-3,1845,792,6.51,7.15,1.67,2.24
3,"Xã Ninh Châu",D+4-7,2446,1056,6.87,7.48,1.34,1.9
4,"Xã Tuyên Sơn",D+1-3,1845,792,6.05,8.77,0.85,5.06
4,"Xã Tuyên Sơn",D+4-7,2446,1056,6.22,9.96,-0.04,5.82
5,"Xã Tuyên Lâm",D+1-3,1845,792,5.48,7.46,0.91,4.35
5,"Xã Tuyên Lâm",D+4-7,2446,1056,5.67,8.31,0.18,5.01
6,"Xã Tân Thành",D+1-3,1845,792,5.6,8.35,1.58,5.67
6,"Xã Tân Thành",D+4-7,2446,1056,5.91,9.05,0.83,6.41
7,"Xã Đồng Lê",D+1-3,1845,792,5.79,9.2,0.2,5.52
7,"Xã Đồng Lê",D+4-7,2446,1056,5.95,11.31,-0.71,7.56
8,"Xã Nam Hóa",D+1-3,1845,792,5.23,7.11,-0.12,3.64
8,"Xã Nam Hóa",D+4-7,2446,1056,5.73,8.02,-1.04,4.05
9,"Xã Kim Điền",D+1-3,1845,792,5.5,8.3,0.95,5.8
9,"Xã Kim Điền",D+4-7,2446,1056,6.3,8.64,0.51,5.66
10,"Xã Minh Hóa",D+1-3,1845,792,4.68,7.61,0,5.6
10,"Xã Minh Hóa",D+4-7,2446,1056,5.23,9.87,-0.91,7.67
11,"Xã Kim Phú",D+1-3,1845,792,5.58,7.1,1.86,4.6
11,"Xã Kim Phú",D+4-7,2446,1056,6.18,7.31,1.16,3.36
12,"Xã Tuyên Hóa",D+1-3,1845,792,5.16,6.88,-0.15,3.15
12,"Xã Tuyên Hóa",D+4-7,2446,1056,5.61,7.17,-0.8,2.72
13,"Xã Phú Trạch",D+1-3,1845,792,7.01,10.5,-0.18,5.28
13,"Xã Phú Trạch",D+4-7,2446,1056,8.49,11.04,-0.03,3.81
14,"Xã Trung Thuần",D+1-3,1845,792,6.1,7.26,-0.41,0.89
14,"Xã Trung Thuần",D+4-7,2446,1056,6.84,8.04,-0.57,1
15,"Xã Quảng Trạch",D+1-3,1845,792,6.52,7.91,-0.68,1.04
15,"Xã Quảng Trạch",D+4-7,2446,1056,7.23,8.65,-0.45,1.17
16,"Phường Ba Đồn",D+1-3,1845,792,6.54,8.31,-0.21,1.95
16,"Phường Ba Đồn",D+4-7,2446,1056,7.08,8.96,-0.31,1.99
17,"Xã Tuyên Bình",D+1-3,1845,792,5.27,7.19,0.37,3.48
17,"Xã Tuyên Bình",D+4-7,2446,1056,6.11,7.84,0.05,3.04
18,"Xã Nam Ba Đồn",D+1-3,1845,792,5.48,6.55,0.44,1.43
18,"Xã Nam Ba Đồn",D+4-7,2446,1056,5.95,7.44,-0.03,1.45
19,"Phường Bắc Gianh",D+1-3,1845,792,6.88,8.38,0.55,2.04
19,"Phường Bắc Gianh",D+4-7,2446,1056,7.78,9.16,0.55,1.39
20,"Xã Nam Gianh",D+1-3,1845,792,6.2,7.56,2.08,3.75
20,"Xã Nam Gianh",D+4-7,2446,1056,6.56,7.99,1.28,2.81
21,"Xã Bắc Trạch",D+1-3,1845,792,6.88,8.22,0.55,1.91
21,"Xã Bắc Trạch",D+4-7,2446,1056,7.78,9.07,0.55,1.09
22,"Xã Đông Trạch",D+1-3,1845,792,6.52,7.59,3.9,4.82
22,"Xã Đông Trạch",D+4-7,2446,1056,6.77,7.93,2.95,3.4
23,"Xã Hoàn Lão",D+1-3,1845,792,6.05,7.05,2.94,3.83
23,"Xã Hoàn Lão",D+4-7,2446,1056,6.54,7.62,2.28,2.81
24,"Xã Nam Trạch",D+1-3,1845,792,6.05,10.3,2.4,8.5
24,"Xã Nam Trạch",D+4-7,2446,1056,6.57,10.69,1.05,7.91
25,"Xã Bố Trạch",D+1-3,1845,792,6.37,10.57,2.99,8.83
25,"Xã Bố Trạch",D+4-7,2446,1056,6.74,10.19,1.08,6.54
26,"Xã Phong Nha",D+1-3,1845,792,6.21,7.39,2.58,4.54
26,"Xã Phong Nha",D+4-7,2446,1056,6,7.74,1.44,4.62
27,"Phường Đồng Thuận",D+1-3,1845,792,6.72,8.67,0.29,2.85
27,"Phường Đồng Thuận",D+4-7,2446,1056,7.64,9.56,-0.21,2.93
28,"Phường Đồng Hới",D+1-3,1845,792,6.65,8.25,0.98,3.03
28,"Phường Đồng Hới",D+4-7,2446,1056,7.27,8.88,0.47,3.02
29,"Phường Đồng Sơn",D+1-3,1845,792,6.72,9.29,0.81,4.33
29,"Phường Đồng Sơn",D+4-7,2446,1056,7.58,10.27,-0.14,3.99
30,"Xã Quảng Ninh",D+1-3,1845,792,6.72,9.28,0.8,4.7
30,"Xã Quảng Ninh",D+4-7,2446,1056,7.58,10.25,-0.14,4.28
31,"Xã Trường Ninh",D+1-3,1845,792,6.37,7.02,2.14,2.76
31,"Xã Trường Ninh",D+4-7,2446,1056,6.77,7.68,1.64,2.54
32,"Xã Cam Hồng",D+1-3,1845,792,6.68,7.11,1.43,1.78
32,"Xã Cam Hồng",D+4-7,2446,1056,6.85,7.58,1.11,2.09
33,"Xã Lệ Ninh",D+1-3,1845,792,6.44,6.96,1.84,2.25
33,"Xã Lệ Ninh",D+4-7,2446,1056,6.85,7.62,1.41,2.52
34,"Xã  Lệ Thủy",D+1-3,1845,792,6.68,7.11,1.43,1.78
34,"Xã  Lệ Thủy",D+4-7,2446,1056,6.85,7.58,1.11,2.09
35,"Xã Trường Phú",D+1-3,1845,792,6.38,8.52,-0.28,4.38
35,"Xã Trường Phú",D+4-7,2446,1056,7.3,9.56,-0.78,3.88
36,"Xã Tân Mỹ",D+1-3,1845,792,5.67,7.05,1.38,3.63
36,"Xã Tân Mỹ",D+4-7,2446,1056,6.24,7.89,0.85,3.88
37,"Xã Sen Ngư",D+1-3,1845,792,5.97,7.21,0.93,3.14
37,"Xã Sen Ngư",D+4-7,2446,1056,6.58,8.04,0.58,3.58
38,"Xã Kim Ngân",D+1-3,1845,792,6.37,8.08,1.25,3.75
38,"Xã Kim Ngân",D+4-7,2446,1056,7.04,8.97,0.12,2.15
39,"Xã Dân Hóa",D+1-3,1845,792,7.41,10.37,4.17,8.07
39,"Xã Dân Hóa",D+4-7,2446,1056,7.51,10.69,3.33,8.29
40,"Xã Trường Sơn",D+1-3,1845,792,6.28,7.79,-0.36,1.81
40,"Xã Trường Sơn",D+4-7,2446,1056,6.97,8.88,-1.62,1.57
41,"Xã Thượng Trạch",D+1-3,1845,792,6.22,6.96,2.24,3.52
41,"Xã Thượng Trạch",D+4-7,2446,1056,6.05,7.07,1.26,3.1
42,"Xã Tân Gianh",D+1-3,1845,792,5.46,6.93,0.22,1.78
42,"Xã Tân Gianh",D+4-7,2446,1056,6.1,7.73,0.06,1.74
43,"Xã Cam Lộ",D+1-3,1845,792,6.36,9.18,-0.19,4.76
43,"Xã Cam Lộ",D+4-7,2446,1056,7.21,9.7,-1.08,3.01
44,"Xã Cồn Tiên",D+1-3,1845,792,6.13,9.18,-0.14,5.46
44,"Xã Cồn Tiên",D+4-7,2446,1056,7.1,10.13,-1.08,4.21
45,"Xã Tà Rụt",D+1-3,1845,792,13.32,15.08,-9.73,0.86
45,"Xã Tà Rụt",D+4-7,2446,1056,14.67,16.88,-10.5,-2.18
46,"Xã Đa Krông",D+1-3,1845,792,10.88,12.08,-6.88,3.51
46,"Xã Đa Krông",D+4-7,2446,1056,12,13.18,-7.8,-0.31
47,"Xã Hiếu Giang",D+1-3,1845,792,5.49,6.46,0.95,2.49
47,"Xã Hiếu Giang",D+4-7,2446,1056,5.86,7.09,0.11,1.66
48,"Xã Hải Lăng",D+1-3,1845,792,7.03,8.28,1.31,4.47
48,"Xã Hải Lăng",D+4-7,2446,1056,7.44,9.16,0.73,5.19
49,"Xã Ba Lòng",D+1-3,1845,792,11,12.41,-6.09,5.02
49,"Xã Ba Lòng",D+4-7,2446,1056,12.08,12.88,-7.02,0.31
50,"Xã Triệu Phong",D+1-3,1845,792,6.38,8.98,0.14,5.47
50,"Xã Triệu Phong",D+4-7,2446,1056,7.09,10.13,-0.38,6.31
51,"Phường Quảng Trị",D+1-3,1845,792,6.38,8.98,0.14,5.47
51,"Phường Quảng Trị",D+4-7,2446,1056,7.09,10.13,-0.38,6.31
52,"Xã Nam Hải Lăng",D+1-3,1845,792,6.13,8.65,0.82,6.61
52,"Xã Nam Hải Lăng",D+4-7,2446,1056,6.36,8.9,0.37,6.82
53,"Xã Vĩnh Thủy",D+1-3,1845,792,5.9,8.16,0.73,4.97
53,"Xã Vĩnh Thủy",D+4-7,2446,1056,6.1,8.6,0.16,4.51
54,"Xã Diên Sanh",D+1-3,1845,792,6.06,9.44,0.44,6.93
54,"Xã Diên Sanh",D+4-7,2446,1056,6.32,10.06,-0.01,7.37
55,"Xã Vĩnh Hoàng",D+1-3,1845,792,6.63,10.12,-0.41,6.12
55,"Xã Vĩnh Hoàng",D+4-7,2446,1056,7.06,11.03,-0.62,6.69
56,"Xã Nam Cửa Việt",D+1-3,1845,792,5.2,7.92,1.61,5.99
56,"Xã Nam Cửa Việt",D+4-7,2446,1056,5.2,8.69,1.52,7.07
57,"Xã Bến Hải",D+1-3,1845,792,5.64,9.54,1.06,7.46
57,"Xã Bến Hải",D+4-7,2446,1056,5.65,9.52,0.68,6.77
58,"Xã Vĩnh Linh",D+1-3,1845,792,6.1,8.44,1.02,5.03
58,"Xã Vĩnh Linh",D+4-7,2446,1056,6.54,9.27,0.69,5.6
59,"Xã Mỹ Thủy",D+1-3,1845,792,5.94,10.33,1.19,8.22
59,"Xã Mỹ Thủy",D+4-7,2446,1056,5.94,10.94,1.01,8.72
60,"Xã Vĩnh Định",D+1-3,1845,792,5.94,10.33,1.19,8.22
60,"Xã Vĩnh Định",D+4-7,2446,1056,5.94,11.03,1.01,8.82
61,"Xã Hướng Hiệp",D+1-3,1845,792,7.5,9.81,0.42,5.19
61,"Xã Hướng Hiệp",D+4-7,2446,1056,8.66,9.78,-0.68,1.84
62,"Phường Nam Đông Hà",D+1-3,1845,792,5.42,9.46,1.07,7.48
62,"Phường Nam Đông Hà",D+4-7,2446,1056,5.82,9.9,0.67,7.39
63,"Xã Tân Lập",D+1-3,1845,792,6.92,8.42,-2.96,1.5
63,"Xã Tân Lập",D+4-7,2446,1056,7.36,8.31,-3.65,0.78
64,"Xã Triệu Cơ",D+1-3,1845,792,5.21,8.06,1.63,6.25
64,"Xã Triệu Cơ",D+4-7,2446,1056,5.2,8.74,1.54,7.14
65,"Xã Cửa Việt",D+1-3,1845,792,5.18,6.62,1.86,4.15
65,"Xã Cửa Việt",D+4-7,2446,1056,5.39,7.21,1.7,4.66
66,"Xã Lìa",D+1-3,1845,792,7.03,7.62,-2.26,0.25
66,"Xã Lìa",D+4-7,2446,1056,7.56,7.76,-2.96,-0.76
67,"Xã Khe Sanh",D+1-3,1845,792,8.7,9.58,-5.05,-0.72
67,"Xã Khe Sanh",D+4-7,2446,1056,9.4,10.11,-5.71,-1.59
68,"Xã Triệu Bình",D+1-3,1845,792,5.19,7.96,1.69,6.21
68,"Xã Triệu Bình",D+4-7,2446,1056,5.17,8.79,1.41,7.04
69,"Xã Ái Tử",D+1-3,1845,792,5.42,10.07,1.06,8.32
69,"Xã Ái Tử",D+4-7,2446,1056,5.83,10.82,0.66,8.8
70,"Xã Gio Linh",D+1-3,1845,792,5.01,6.18,1.74,3.53
70,"Xã Gio Linh",D+4-7,2446,1056,5.22,6.79,1.38,3.61
71,"Phường Đông Hà",D+1-3,1845,792,4.92,6.66,1.7,4.45
71,"Phường Đông Hà",D+4-7,2446,1056,5.11,7.38,1.16,4.74
72,"Xã Bến Quan",D+1-3,1845,792,6.25,8.94,1.35,6.12
72,"Xã Bến Quan",D+4-7,2446,1056,7.18,9.88,0.3,5.13
73,"Xã Cửa Tùng",D+1-3,1845,792,5.78,8.89,1.09,6.47
73,"Xã Cửa Tùng",D+4-7,2446,1056,5.84,9.17,0.83,6.35
74,"Xã Hướng Lập",D+1-3,1845,792,10.31,12.81,4.08,9.14
74,"Xã Hướng Lập",D+4-7,2446,1056,10.77,9.28,2.83,3.01
75,"Xã Hướng Phùng",D+1-3,1845,792,7.52,10.02,-0.03,4.57
75,"Xã Hướng Phùng",D+4-7,2446,1056,8.71,10.14,-0.82,1.3
76,"Xã Lao Bảo",D+1-3,1845,792,7.68,8.36,-3.39,-0.47
76,"Xã Lao Bảo",D+4-7,2446,1056,8.23,8.6,-3.95,-0.49
77,"Xã A Dơi",D+1-3,1845,792,7.41,8.48,0.59,3.01
77,"Xã A Dơi",D+4-7,2446,1056,7.76,7.81,-0.16,1.34
78,"Xã La Lay",D+1-3,1845,792,6.66,8.87,-2.3,2.34
78,"Xã La Lay",D+4-7,2446,1056,7.52,9.61,-2.99,-0.08