ma_xa,ten_xa,cum_han_du_bao,mua,so_mau_train,so_mau_test,nguong_kho_uot,mae_truoc,mae_sau,bias_truoc,bias_sau
1,"Xã Tuyên Phú",D+1-3,"Mùa mưa (T9-T12)",255,111,0.9,1.98,2.76,1.25,1.74
1,"Xã Tuyên Phú",D+1-3,"Mùa khô (T1-T8)",1008,435,0.1,5.36,7.33,-1.02,1.96
1,"Xã Tuyên Phú",D+4-7,"Mùa mưa (T9-T12)",340,148,1.1,3.46,6.58,2.97,5.85
1,"Xã Tuyên Phú",D+4-7,"Mùa khô (T1-T8)",1344,580,0.1,5.4,7.21,-1.86,0.7
2,"Xã Hòa Trạch",D+1-3,"Mùa mưa (T9-T12)",255,111,2,2.56,2.98,0.07,-0.43
2,"Xã Hòa Trạch",D+1-3,"Mùa khô (T1-T8)",1008,435,0.7,3.77,6.38,1.55,4.1
2,"Xã Hòa Trạch",D+4-7,"Mùa mưa (T9-T12)",340,148,1.6,4.68,9.04,2.65,6.34
2,"Xã Hòa Trạch",D+4-7,"Mùa khô (T1-T8)",1344,580,0.7,3.13,4.75,0.39,1.96
3,"Xã Ninh Châu",D+1-3,"Mùa mưa (T9-T12)",255,111,2.6,4.38,6.68,2.71,5.03
3,"Xã Ninh Châu",D+1-3,"Mùa khô (T1-T8)",1008,435,0.5,4.12,5.85,2.31,3.66
3,"Xã Ninh Châu",D+4-7,"Mùa mưa (T9-T12)",340,148,1.9,7.42,10.39,4.88,7.9
3,"Xã Ninh Châu",D+4-7,"Mùa khô (T1-T8)",1344,580,0.6,3.28,6,1.38,3.77
4,"Xã Tuyên Sơn",D+1-3,"Mùa mưa (T9-T12)",255,111,1.5,2.91,4.29,1.91,2.8
4,"Xã Tuyên Sơn",D+1-3,"Mùa khô (T1-T8)",1008,435,0.4,5.27,7.17,-0.05,1.17
4,"Xã Tuyên Sơn",D+4-7,"Mùa mưa (T9-T12)",340,148,1.2,3.12,5.55,2.65,4.87
4,"Xã Tuyên Sơn",D+4-7,"Mùa khô (T1-T8)",1344,580,0.5,4.96,5.97,-1.33,-0.56
5,"Xã Tuyên Lâm",D+1-3,"Mùa mưa (T9-T12)",255,111,1.2,3.39,5.9,2.27,4.24
5,"Xã Tuyên Lâm",D+1-3,"Mùa khô (T1-T8)",1008,435,0.3,5.99,8.23,1.41,3.38
5,"Xã Tuyên Lâm",D+4-7,"Mùa mưa (T9-T12)",340,148,1.3,3.74,8.98,2.99,8.03
5,"Xã Tuyên Lâm",D+4-7,"Mùa khô (T1-T8)",1344,580,0.3,5.19,6.95,-0.04,1.52
6,"Xã Tân Thành",D+1-3,"Mùa mưa (T9-T12)",255,111,1,4.01,7.86,2.95,6.41
6,"Xã Tân Thành",D+1-3,"Mùa khô (T1-T8)",1008,435,0.3,6.46,9.47,1.08,3.82
6,"Xã Tân Thành",D+4-7,"Mùa mưa (T9-T12)",340,148,1.1,4.22,10.43,3.49,9.56
6,"Xã Tân Thành",D+4-7,"Mùa khô (T1-T8)",1344,580,0.3,5.73,11.05,-0.29,4.96
7,"Xã Đồng Lê",D+1-3,"Mùa mưa (T9-T12)",255,111,0.9,1.95,3.42,0.81,1.66
7,"Xã Đồng Lê",D+1-3,"Mùa khô (T1-T8)",1008,435,0.2,5.53,8.21,-0.13,2.98
7,"Xã Đồng Lê",D+4-7,"Mùa mưa (T9-T12)",340,148,1.1,2.29,5.35,1.54,4.55
7,"Xã Đồng Lê",D+4-7,"Mùa khô (T1-T8)",1344,580,0.1,5.21,8.55,-1.2,2.98
8,"Xã Nam Hóa",D+1-3,"Mùa mưa (T9-T12)",255,111,0.9,2.11,4,1.29,3
8,"Xã Nam Hóa",D+1-3,"Mùa khô (T1-T8)",1008,435,0.1,5.76,8.29,-0.43,2.99
8,"Xã Nam Hóa",D+4-7,"Mùa mưa (T9-T12)",340,148,1,3.04,8.23,2.51,7.56
8,"Xã Nam Hóa",D+4-7,"Mùa khô (T1-T8)",1344,580,0,5.46,9.07,-1.49,3.16
9,"Xã Kim Điền",D+1-3,"Mùa mưa (T9-T12)",255,111,1.2,4.51,10.24,3.53,8.99
9,"Xã Kim Điền",D+1-3,"Mùa khô (T1-T8)",1008,435,0.4,5.71,7.43,0.04,2.22
9,"Xã Kim Điền",D+4-7,"Mùa mưa (T9-T12)",340,148,1,4.51,11.01,3.85,10.35
9,"Xã Kim Điền",D+4-7,"Mùa khô (T1-T8)",1344,580,0.4,5.98,8.65,-0.33,2.48
10,"Xã Minh Hóa",D+1-3,"Mùa mưa (T9-T12)",255,111,0.9,1.95,3.42,0.81,1.66
10,"Xã Minh Hóa",D+1-3,"Mùa khô (T1-T8)",1008,435,0.2,5.53,8.22,-0.14,2.97
10,"Xã Minh Hóa",D+4-7,"Mùa mưa (T9-T12)",340,148,1,2.29,5.49,1.54,4.69
10,"Xã Minh Hóa",D+4-7,"Mùa khô (T1-T8)",1344,580,0.1,5.21,8.8,-1.21,3.27
11,"Xã Kim Phú",D+1-3,"Mùa mưa (T9-T12)",255,111,1.9,4.24,6.53,3.41,5.23
11,"Xã Kim Phú",D+1-3,"Mùa khô (T1-T8)",1008,435,0.9,6.16,5.36,0.45,-1.75
11,"Xã Kim Phú",D+4-7,"Mùa mưa (T9-T12)",340,148,1.6,4.64,9.29,4.25,8.62
11,"Xã Kim Phú",D+4-7,"Mùa khô (T1-T8)",1344,580,0.6,6.47,6.92,0.15,-0.18
12,"Xã Tuyên Hóa",D+1-3,"Mùa mưa (T9-T12)",255,111,1.2,1.91,3.2,1,1.63
12,"Xã Tuyên Hóa",D+1-3,"Mùa khô (T1-T8)",1008,435,0.2,4.56,6.85,-0.11,2.44
12,"Xã Tuyên Hóa",D+4-7,"Mùa mưa (T9-T12)",340,148,1.2,3.09,6.72,2.34,5.83
12,"Xã Tuyên Hóa",D+4-7,"Mùa khô (T1-T8)",1344,580,0.2,4.29,6.64,-0.84,1.97
13,"Xã Phú Trạch",D+1-3,"Mùa mưa (T9-T12)",255,111,2,3.54,3.19,2,0.86
13,"Xã Phú Trạch",D+1-3,"Mùa khô (T1-T8)",1008,435,0.7,4.8,6.3,-0.18,1.72
13,"Xã Phú Trạch",D+4-7,"Mùa mưa (T9-T12)",340,148,1.9,6.49,10,5.25,8.15
13,"Xã Phú Trạch",D+4-7,"Mùa khô (T1-T8)",1344,580,0.8,4.67,5.75,-1.08,-0.08
14,"Xã Trung Thuần",D+1-3,"Mùa mưa (T9-T12)",255,111,1.8,2.16,2.55,-0.44,-0.55
14,"Xã Trung Thuần",D+1-3,"Mùa khô (T1-T8)",1008,435,0.6,4.02,6.98,1.38,4.36
14,"Xã Trung Thuần",D+4-7,"Mùa mưa (T9-T12)",340,148,1.6,3.97,7.42,1.4,4.58
14,"Xã Trung Thuần",D+4-7,"Mùa khô (T1-T8)",1344,580,0.6,3.55,5.24,0.4,1.88
15,"Xã Quảng Trạch",D+1-3,"Mùa mưa (T9-T12)",255,111,1.5,2.27,2.65,-0.39,-0.82
15,"Xã Quảng Trạch",D+1-3,"Mùa khô (T1-T8)",1008,435,0.8,3.64,5.92,1.69,4.03
15,"Xã Quảng Trạch",D+4-7,"Mùa mưa (T9-T12)",340,148,1.7,4.18,8.84,1.55,5.4
15,"Xã Quảng Trạch",D+4-7,"Mùa khô (T1-T8)",1344,580,0.8,2.89,4.27,0.64,1.78
16,"Phường Ba Đồn",D+1-3,"Mùa mưa (T9-T12)",255,111,1.5,2.26,2.94,0.03,-0.04
16,"Phường Ba Đồn",D+1-3,"Mùa khô (T1-T8)",1008,435,0.6,3.52,6.62,1.37,4.29
16,"Phường Ba Đồn",D+4-7,"Mùa mưa (T9-T12)",340,148,1.7,4.27,7.73,1.82,4.45
16,"Phường Ba Đồn",D+4-7,"Mùa khô (T1-T8)",1344,580,0.6,2.94,4.42,0.45,1.75
17,"Xã Tuyên Bình",D+1-3,"Mùa mưa (T9-T12)",255,111,0.8,2.38,2.6,1.68,1.43
17,"Xã Tuyên Bình",D+1-3,"Mùa khô (T1-T8)",1008,435,0.2,4.57,6.76,0.03,3.02
17,"Xã Tuyên Bình",D+4-7,"Mùa mưa (T9-T12)",340,148,1.2,4.07,6.72,3.56,5.96
17,"Xã Tuyên Bình",D+4-7,"Mùa khô (T1-T8)",1344,580,0.3,4.29,6.2,-0.86,1.39
18,"Xã Nam Ba Đồn",D+1-3,"Mùa mưa (T9-T12)",255,111,2,2.09,2.88,-0.59,-0.43
18,"Xã Nam Ba Đồn",D+1-3,"Mùa khô (T1-T8)",1008,435,0.7,3.52,6.38,2.3,4.97
18,"Xã Nam Ba Đồn",D+4-7,"Mùa mưa (T9-T12)",340,148,1.8,3.75,8.19,1,4.96
18,"Xã Nam Ba Đồn",D+4-7,"Mùa khô (T1-T8)",1344,580,0.7,2.8,4,1.44,2.37
19,"Phường Bắc Gianh",D+1-3,"Mùa mưa (T9-T12)",255,111,2.1,4,4.33,2.72,2.37
19,"Phường Bắc Gianh",D+1-3,"Mùa khô (T1-T8)",1008,435,0.6,3.47,5.77,1.18,3.23
19,"Phường Bắc Gianh",D+4-7,"Mùa mưa (T9-T12)",340,148,1.7,6.33,9.59,4.98,7.22
19,"Phường Bắc Gianh",D+4-7,"Mùa khô (T1-T8)",1344,580,0.6,2.9,3.94,0.32,0.9
20,"Xã Nam Gianh",D+1-3,"Mùa mưa (T9-T12)",255,111,1.7,2.77,2.64,1.69,1.18
20,"Xã Nam Gianh",D+1-3,"Mùa khô (T1-T8)",1008,435,0.5,3.42,5.84,2.05,4.27
20,"Xã Nam Gianh",D+4-7,"Mùa mưa (T9-T12)",340,148,1.8,5.11,8.04,3.63,5.94
20,"Xã Nam Gianh",D+4-7,"Mùa khô (T1-T8)",1344,580,0.6,2.86,3.82,1.31,1.92
21,"Xã Bắc Trạch",D+1-3,"Mùa mưa (T9-T12)",255,111,2.2,4,4.4,2.72,2.41
21,"Xã Bắc Trạch",D+1-3,"Mùa khô (T1-T8)",1008,435,0.6,3.3,4.95,1.83,3.27
21,"Xã Bắc Trạch",D+4-7,"Mùa mưa (T9-T12)",340,148,1.9,6.33,9.68,4.98,7.4
21,"Xã Bắc Trạch",D+4-7,"Mùa khô (T1-T8)",1344,580,0.7,2.64,3.36,0.96,1.34
22,"Xã Đông Trạch",D+1-3,"Mùa mưa (T9-T12)",255,111,2.1,4.61,4.25,4.03,3.07
22,"Xã Đông Trạch",D+1-3,"Mùa khô (T1-T8)",1008,435,0.7,3.57,4.61,2.54,3.05
22,"Xã Đông Trạch",D+4-7,"Mùa mưa (T9-T12)",340,148,1.3,6.73,9.05,5.67,7.19
22,"Xã Đông Trạch",D+4-7,"Mùa khô (T1-T8)",1344,580,0.8,2.82,3.04,1.73,1.48
23,"Xã Hoàn Lão",D+1-3,"Mùa mưa (T9-T12)",255,111,2.2,3.99,4.9,1.86,2.61
23,"Xã Hoàn Lão",D+1-3,"Mùa khô (T1-T8)",1008,435,0.8,3.39,4.17,2.36,2.67
23,"Xã Hoàn Lão",D+4-7,"Mùa mưa (T9-T12)",340,148,1.4,6.38,8.45,3.28,5.1
23,"Xã Hoàn Lão",D+4-7,"Mùa khô (T1-T8)",1344,580,0.8,2.74,3.2,1.57,1.56
24,"Xã Nam Trạch",D+1-3,"Mùa mưa (T9-T12)",255,111,2.4,3.66,4.36,1.4,1.57
24,"Xã Nam Trạch",D+1-3,"Mùa khô (T1-T8)",1008,435,0.5,4.91,5.57,1.45,1.65
24,"Xã Nam Trạch",D+4-7,"Mùa mưa (T9-T12)",340,148,2.2,5.85,8.08,2.17,3.98
24,"Xã Nam Trạch",D+4-7,"Mùa khô (T1-T8)",1344,580,0.6,4.1,5.13,0.53,1.03
25,"Xã Bố Trạch",D+1-3,"Mùa mưa (T9-T12)",255,111,2.5,5.33,6.65,3.44,4.99
25,"Xã Bố Trạch",D+1-3,"Mùa khô (T1-T8)",1008,435,0.5,4.84,4.9,1.46,0.74
25,"Xã Bố Trạch",D+4-7,"Mùa mưa (T9-T12)",340,148,2.2,6.5,11.17,3.99,8.59
25,"Xã Bố Trạch",D+4-7,"Mùa khô (T1-T8)",1344,580,0.6,4.05,4.36,0.48,0
26,"Xã Phong Nha",D+1-3,"Mùa mưa (T9-T12)",255,111,1.8,2.99,4.81,2.02,3.55
26,"Xã Phong Nha",D+1-3,"Mùa khô (T1-T8)",1008,435,0.6,4.17,6.26,1.69,3.09
26,"Xã Phong Nha",D+4-7,"Mùa mưa (T9-T12)",340,148,2.1,4.93,11.17,3.67,9.56
26,"Xã Phong Nha",D+4-7,"Mùa khô (T1-T8)",1344,580,0.8,3.69,4.9,1.02,1.54
27,"Phường Đồng Thuận",D+1-3,"Mùa mưa (T9-T12)",255,111,2.7,3.62,3.66,1.27,1.07
27,"Phường Đồng Thuận",D+1-3,"Mùa khô (T1-T8)",1008,435,0.5,3.91,4.76,1.77,2.27
27,"Phường Đồng Thuận",D+4-7,"Mùa mưa (T9-T12)",340,148,2.2,6.38,8.73,2.99,4.84
27,"Phường Đồng Thuận",D+4-7,"Mùa khô (T1-T8)",1344,580,0.6,3.24,4.23,0.84,1.51
28,"Phường Đồng Hới",D+1-3,"Mùa mưa (T9-T12)",255,111,2.5,3.62,3.76,1.27,1.26
28,"Phường Đồng Hới",D+1-3,"Mùa khô (T1-T8)",1008,435,0.5,3.85,5.47,1.68,2.91
28,"Phường Đồng Hới",D+4-7,"Mùa mưa (T9-T12)",340,148,1.7,6.38,8.74,2.99,4.88
28,"Phường Đồng Hới",D+4-7,"Mùa khô (T1-T8)",1344,580,0.6,3.23,4.34,0.83,1.7
29,"Phường Đồng Sơn",D+1-3,"Mùa mưa (T9-T12)",255,111,2.3,3.31,3.86,1.19,1.68
29,"Phường Đồng Sơn",D+1-3,"Mùa khô (T1-T8)",1008,435,0.6,4.11,5.03,2.15,2.42
29,"Phường Đồng Sơn",D+4-7,"Mùa mưa (T9-T12)",340,148,1.9,5.86,8.6,2.33,4.49
29,"Phường Đồng Sơn",D+4-7,"Mùa khô (T1-T8)",1344,580,0.6,3.4,4.59,1.27,1.96
30,"Xã Quảng Ninh",D+1-3,"Mùa mưa (T9-T12)",255,111,2.4,3.31,3.82,1.19,1.27
30,"Xã Quảng Ninh",D+1-3,"Mùa khô (T1-T8)",1008,435,0.5,4.09,5.54,2.13,3.09
30,"Xã Quảng Ninh",D+4-7,"Mùa mưa (T9-T12)",340,148,1.8,5.86,8.37,2.33,4.1
30,"Xã Quảng Ninh",D+4-7,"Mùa khô (T1-T8)",1344,580,0.7,3.39,4.46,1.28,1.96
31,"Xã Trường Ninh",D+1-3,"Mùa mưa (T9-T12)",255,111,3,3.27,4.12,1.78,2.3
31,"Xã Trường Ninh",D+1-3,"Mùa khô (T1-T8)",1008,435,0.6,4.33,6.22,2.76,4.22
31,"Xã Trường Ninh",D+4-7,"Mùa mưa (T9-T12)",340,148,2.1,6.51,8.98,3.5,5.47
31,"Xã Trường Ninh",D+4-7,"Mùa khô (T1-T8)",1344,580,0.8,3.59,5.98,1.85,3.77
32,"Xã Cam Hồng",D+1-3,"Mùa mưa (T9-T12)",255,111,2.4,4.71,8.63,3.07,6.61
32,"Xã Cam Hồng",D+1-3,"Mùa khô (T1-T8)",1008,435,0.6,3.83,5.14,2.11,3.05
32,"Xã Cam Hồng",D+4-7,"Mùa mưa (T9-T12)",340,148,1.8,8.18,16.49,5.7,14.28
32,"Xã Cam Hồng",D+4-7,"Mùa khô (T1-T8)",1344,580,0.8,3.13,5.72,1.27,3.49
33,"Xã Lệ Ninh",D+1-3,"Mùa mưa (T9-T12)",255,111,2.4,4.1,6.99,2.79,5.69
33,"Xã Lệ Ninh",D+1-3,"Mùa khô (T1-T8)",1008,435,0.5,3.88,5.74,2.3,3.8
33,"Xã Lệ Ninh",D+4-7,"Mùa mưa (T9-T12)",340,148,1.8,6.77,11.76,4.28,9.07
33,"Xã Lệ Ninh",D+4-7,"Mùa khô (T1-T8)",1344,580,0.7,3.38,6.09,1.59,3.91
34,"Xã  Lệ Thủy",D+1-3,"Mùa mưa (T9-T12)",255,111,2.4,4.71,8.63,3.07,6.61
34,"Xã  Lệ Thủy",D+1-3,"Mùa khô (T1-T8)",1008,435,0.6,3.83,5.14,2.11,3.05
34,"Xã  Lệ Thủy",D+4-7,"Mùa mưa (T9-T12)",340,148,1.8,8.18,16.49,5.7,14.28
34,"Xã  Lệ Thủy",D+4-7,"Mùa khô (T1-T8)",1344,580,0.8,3.13,5.72,1.27,3.49
35,"Xã Trường Phú",D+1-3,"Mùa mưa (T9-T12)",255,111,3.2,5.42,8.92,3.68,6.73
35,"Xã Trường Phú",D+1-3,"Mùa khô (T1-T8)",1008,435,0.7,3.51,4.08,2.17,2.44
35,"Xã Trường Phú",D+4-7,"Mùa mưa (T9-T12)",340,148,2.2,6.99,12.15,5.16,10.26
35,"Xã Trường Phú",D+4-7,"Mùa khô (T1-T8)",1344,580,0.8,3.15,6.42,1.59,4.64
36,"Xã Tân Mỹ",D+1-3,"Mùa mưa (T9-T12)",255,111,2.2,5.86,8.31,0.59,3.79
36,"Xã Tân Mỹ",D+1-3,"Mùa khô (T1-T8)",1008,435,0.2,3.53,5.43,2.29,4.13
36,"Xã Tân Mỹ",D+4-7,"Mùa mưa (T9-T12)",340,148,1.9,7.36,11.04,2.15,7.29
36,"Xã Tân Mỹ",D+4-7,"Mùa khô (T1-T8)",1344,580,0.2,3.14,6.75,1.74,5.3
37,"Xã Sen Ngư",D+1-3,"Mùa mưa (T9-T12)",255,111,2.1,6.17,9.15,0.41,5.3
37,"Xã Sen Ngư",D+1-3,"Mùa khô (T1-T8)",1008,435,0.2,3.48,5.36,2.24,4.09
37,"Xã Sen Ngư",D+4-7,"Mùa mưa (T9-T12)",340,148,1.8,8.75,13,2.79,8.83
37,"Xã Sen Ngư",D+4-7,"Mùa khô (T1-T8)",1344,580,0.2,3.08,7.16,1.6,5.6
38,"Xã Kim Ngân",D+1-3,"Mùa mưa (T9-T12)",255,111,2.6,4.7,7.63,3.36,6.81
38,"Xã Kim Ngân",D+1-3,"Mùa khô (T1-T8)",1008,435,0.9,3.89,4,1.56,1.09
38,"Xã Kim Ngân",D+4-7,"Mùa mưa (T9-T12)",340,148,1.9,6.37,10.21,4.04,8.65
38,"Xã Kim Ngân",D+4-7,"Mùa khô (T1-T8)",1344,580,1.1,3.42,3.44,0.94,0.46
39,"Xã Dân Hóa",D+1-3,"Mùa mưa (T9-T12)",255,111,2.2,7,9.9,6.24,8.7
39,"Xã Dân Hóa",D+1-3,"Mùa khô (T1-T8)",1008,435,0.4,6.53,6.98,1.79,1.3
39,"Xã Dân Hóa",D+4-7,"Mùa mưa (T9-T12)",340,148,1.3,7.69,14.55,7.4,13.87
39,"Xã Dân Hóa",D+4-7,"Mùa khô (T1-T8)",1344,580,0.4,6.26,6.69,0.97,0.57
40,"Xã Trường Sơn",D+1-3,"Mùa mưa (T9-T12)",255,111,2,3.9,5,-0.07,1.68
40,"Xã Trường Sơn",D+1-3,"Mùa khô (T1-T8)",1008,435,0.6,4.03,4.51,1.22,0.96
40,"Xã Trường Sơn",D+4-7,"Mùa mưa (T9-T12)",340,148,1.7,4.96,8.27,-0.21,3.54
40,"Xã Trường Sơn",D+4-7,"Mùa khô (T1-T8)",1344,580,0.7,3.86,5.39,0.82,1.67
41,"Xã Thượng Trạch",D+1-3,"Mùa mưa (T9-T12)",255,111,2.3,2.9,4.16,1.42,2.6
41,"Xã Thượng Trạch",D+1-3,"Mùa khô (T1-T8)",1008,435,0.8,5,4.53,2.81,1.25
41,"Xã Thượng Trạch",D+4-7,"Mùa mưa (T9-T12)",340,148,1.7,3.95,7.91,2.28,6.29
41,"Xã Thượng Trạch",D+4-7,"Mùa khô (T1-T8)",1344,580,0.9,4.52,5.12,1.99,1.59
42,"Xã Tân Gianh",D+1-3,"Mùa mưa (T9-T12)",255,111,1.6,2.16,2.59,-0.44,-0.61
42,"Xã Tân Gianh",D+1-3,"Mùa khô (T1-T8)",1008,435,0.7,3.55,7.12,2.38,5.87
42,"Xã Tân Gianh",D+4-7,"Mùa mưa (T9-T12)",340,148,1.7,3.97,7.9,1.4,5.01
42,"Xã Tân Gianh",D+4-7,"Mùa khô (T1-T8)",1344,580,0.6,2.8,4.31,1.39,2.62
43,"Xã Cam Lộ",D+1-3,"Mùa mưa (T9-T12)",255,111,3.1,5.29,6.14,-0.25,1.03
43,"Xã Cam Lộ",D+1-3,"Mùa khô (T1-T8)",1008,435,0.6,4.32,5.48,-0.01,0.47
43,"Xã Cam Lộ",D+4-7,"Mùa mưa (T9-T12)",340,148,2.2,6.84,8.93,-0.29,4.43
43,"Xã Cam Lộ",D+4-7,"Mùa khô (T1-T8)",1344,580,0.6,4.29,5.79,-0.37,0.47
44,"Xã Cồn Tiên",D+1-3,"Mùa mưa (T9-T12)",255,111,2.7,5.46,6.12,-0.77,1.33
44,"Xã Cồn Tiên",D+1-3,"Mùa khô (T1-T8)",1008,435,0.6,3.53,4.52,2.07,2.86
44,"Xã Cồn Tiên",D+4-7,"Mùa mưa (T9-T12)",340,148,2,6.67,9.65,-0.72,4.81
44,"Xã Cồn Tiên",D+4-7,"Mùa khô (T1-T8)",1344,580,0.8,3.04,4.24,1.65,2.64
45,"Xã Tà Rụt",D+1-3,"Mùa mưa (T9-T12)",255,111,2.3,7.57,9.22,6.62,7.34
45,"Xã Tà Rụt",D+1-3,"Mùa khô (T1-T8)",1008,435,0.5,3.4,4.26,0.67,1.57
45,"Xã Tà Rụt",D+4-7,"Mùa mưa (T9-T12)",340,148,1.3,9.58,15.46,8.87,14.24
45,"Xã Tà Rụt",D+4-7,"Mùa khô (T1-T8)",1344,580,0.6,3.4,4.14,0.23,0.83
46,"Xã Đa Krông",D+1-3,"Mùa mưa (T9-T12)",255,111,1.8,7.65,10.27,6.98,8.75
46,"Xã Đa Krông",D+1-3,"Mùa khô (T1-T8)",1008,435,0.4,4.79,6.46,-0.54,2.11
46,"Xã Đa Krông",D+4-7,"Mùa mưa (T9-T12)",340,148,1.1,8.65,16.5,8.21,15.81
46,"Xã Đa Krông",D+4-7,"Mùa khô (T1-T8)",1344,580,0.4,4.9,6.09,-0.88,0.81
47,"Xã Hiếu Giang",D+1-3,"Mùa mưa (T9-T12)",255,111,2.6,5.5,6.35,-1.61,0.41
47,"Xã Hiếu Giang",D+1-3,"Mùa khô (T1-T8)",1008,435,0.5,3.17,5,1.87,3.34
47,"Xã Hiếu Giang",D+4-7,"Mùa mưa (T9-T12)",340,148,1.8,6.54,8.16,-1.35,3.37
47,"Xã Hiếu Giang",D+4-7,"Mùa khô (T1-T8)",1344,580,0.6,3.06,5.4,1.4,3.39
48,"Xã Hải Lăng",D+1-3,"Mùa mưa (T9-T12)",255,111,3.6,7.87,8.53,2.74,2.94
48,"Xã Hải Lăng",D+1-3,"Mùa khô (T1-T8)",1008,435,0.7,4.38,5.37,0.41,1.28
48,"Xã Hải Lăng",D+4-7,"Mùa mưa (T9-T12)",340,148,2.6,8.98,12.47,5.43,8.9
48,"Xã Hải Lăng",D+4-7,"Mùa khô (T1-T8)",1344,580,0.8,3.99,4.12,-0.27,-0.38
49,"Xã Ba Lòng",D+1-3,"Mùa mưa (T9-T12)",255,111,3.9,7.45,8.53,3.19,4.07
49,"Xã Ba Lòng",D+1-3,"Mùa khô (T1-T8)",1008,435,0.6,4.89,5.67,-0.42,0.74
49,"Xã Ba Lòng",D+4-7,"Mùa mưa (T9-T12)",340,148,2.5,8.86,11.87,4.78,8.91
49,"Xã Ba Lòng",D+4-7,"Mùa khô (T1-T8)",1344,580,0.8,4.84,4.67,-1.16,-1.59
50,"Xã Triệu Phong",D+1-3,"Mùa mưa (T9-T12)",255,111,2.7,6.71,7.92,0.36,1.99
50,"Xã Triệu Phong",D+1-3,"Mùa khô (T1-T8)",1008,435,0.5,4.4,6.13,0.37,2.45
50,"Xã Triệu Phong",D+4-7,"Mùa mưa (T9-T12)",340,148,2.1,7.61,10.15,2.43,6.16
50,"Xã Triệu Phong",D+4-7,"Mùa khô (T1-T8)",1344,580,0.6,4.21,5.89,-0.14,1.5
51,"Phường Quảng Trị",D+1-3,"Mùa mưa (T9-T12)",255,111,2.7,6.71,7.92,0.36,1.99
51,"Phường Quảng Trị",D+1-3,"Mùa khô (T1-T8)",1008,435,0.5,4.4,6.13,0.37,2.45
51,"Phường Quảng Trị",D+4-7,"Mùa mưa (T9-T12)",340,148,2.1,7.61,10.15,2.43,6.16
51,"Phường Quảng Trị",D+4-7,"Mùa khô (T1-T8)",1344,580,0.6,4.21,5.89,-0.14,1.5
52,"Xã Nam Hải Lăng",D+1-3,"Mùa mưa (T9-T12)",255,111,2.7,8.13,9.16,-0.16,0.7
52,"Xã Nam Hải Lăng",D+1-3,"Mùa khô (T1-T8)",1008,435,0.6,3.51,5.51,1.65,3.75
52,"Xã Nam Hải Lăng",D+4-7,"Mùa mưa (T9-T12)",340,148,1.9,8.26,11.58,2.93,6.28
52,"Xã Nam Hải Lăng",D+4-7,"Mùa khô (T1-T8)",1344,580,0.6,3.25,3.86,0.95,1.48
53,"Xã Vĩnh Thủy",D+1-3,"Mùa mưa (T9-T12)",255,111,2.6,6.18,7.76,-1.08,1.61
53,"Xã Vĩnh Thủy",D+1-3,"Mùa khô (T1-T8)",1008,435,0.5,3.64,4.34,1.67,2.37
53,"Xã Vĩnh Thủy",D+4-7,"Mùa mưa (T9-T12)",340,148,1.8,7.26,12.93,1.54,8.22
53,"Xã Vĩnh Thủy",D+4-7,"Mùa khô (T1-T8)",1344,580,0.7,3.32,5.22,1.08,2.84
54,"Xã Diên Sanh",D+1-3,"Mùa mưa (T9-T12)",255,111,2.3,8.18,9.14,-1.76,-1.26
54,"Xã Diên Sanh",D+1-3,"Mùa khô (T1-T8)",1008,435,0.5,3.77,6.59,1.99,5.31
54,"Xã Diên Sanh",D+4-7,"Mùa mưa (T9-T12)",340,148,1.7,8.19,12.51,1.77,5.88
54,"Xã Diên Sanh",D+4-7,"Mùa khô (T1-T8)",1344,580,0.5,3.48,5.1,1.23,3.11
55,"Xã Vĩnh Hoàng",D+1-3,"Mùa mưa (T9-T12)",255,111,1.5,6.45,8.92,0.33,4.85
55,"Xã Vĩnh Hoàng",D+1-3,"Mùa khô (T1-T8)",1008,435,0.6,3.73,5.19,1.11,2.75
55,"Xã Vĩnh Hoàng",D+4-7,"Mùa mưa (T9-T12)",340,148,1.6,9.78,17.03,4.21,13.84
55,"Xã Vĩnh Hoàng",D+4-7,"Mùa khô (T1-T8)",1344,580,0.7,3.47,5.9,0.59,3.07
56,"Xã Nam Cửa Việt",D+1-3,"Mùa mưa (T9-T12)",255,111,1.9,7.16,7.91,-0.55,1.3
56,"Xã Nam Cửa Việt",D+1-3,"Mùa khô (T1-T8)",1008,435,0.4,3.01,5.13,2.04,4
56,"Xã Nam Cửa Việt",D+4-7,"Mùa mưa (T9-T12)",340,148,1.6,8.4,14.25,3.28,10.86
56,"Xã Nam Cửa Việt",D+4-7,"Mùa khô (T1-T8)",1344,580,0.6,2.51,4.38,1.6,3.32
57,"Xã Bến Hải",D+1-3,"Mùa mưa (T9-T12)",255,111,2.9,6.48,7.68,-0.51,1.96
57,"Xã Bến Hải",D+1-3,"Mùa khô (T1-T8)",1008,435,0.5,3.32,4.86,1.5,2.9
57,"Xã Bến Hải",D+4-7,"Mùa mưa (T9-T12)",340,148,1.8,8.76,15.47,3.23,11.03
57,"Xã Bến Hải",D+4-7,"Mùa khô (T1-T8)",1344,580,0.7,2.9,4.39,0.93,2.11
58,"Xã Vĩnh Linh",D+1-3,"Mùa mưa (T9-T12)",255,111,1.5,6.43,9.01,0.86,5.12
58,"Xã Vĩnh Linh",D+1-3,"Mùa khô (T1-T8)",1008,435,0.6,3.66,4.75,1.67,2.86
58,"Xã Vĩnh Linh",D+4-7,"Mùa mưa (T9-T12)",340,148,1.5,8.92,14.52,3.82,11.39
58,"Xã Vĩnh Linh",D+4-7,"Mùa khô (T1-T8)",1344,580,0.7,3.51,5.61,1.26,3.3
59,"Xã Mỹ Thủy",D+1-3,"Mùa mưa (T9-T12)",255,111,1.8,7.67,8.38,-1.32,0.12
59,"Xã Mỹ Thủy",D+1-3,"Mùa khô (T1-T8)",1008,435,0.6,2.95,5.39,2.2,4.57
59,"Xã Mỹ Thủy",D+4-7,"Mùa mưa (T9-T12)",340,148,1.4,8.43,13.02,2.84,9.29
59,"Xã Mỹ Thủy",D+4-7,"Mùa khô (T1-T8)",1344,580,0.6,2.64,5.16,1.78,4.11
60,"Xã Vĩnh Định",D+1-3,"Mùa mưa (T9-T12)",255,111,1.8,7.67,8.38,-1.32,0.12
60,"Xã Vĩnh Định",D+1-3,"Mùa khô (T1-T8)",1008,435,0.6,2.95,5.39,2.2,4.57
60,"Xã Vĩnh Định",D+4-7,"Mùa mưa (T9-T12)",340,148,1.5,8.43,13.06,2.84,9.32
60,"Xã Vĩnh Định",D+4-7,"Mùa khô (T1-T8)",1344,580,0.7,2.64,4.43,1.78,3.37
61,"Xã Hướng Hiệp",D+1-3,"Mùa mưa (T9-T12)",255,111,0.8,7.49,12.95,7.4,12.56
61,"Xã Hướng Hiệp",D+1-3,"Mùa khô (T1-T8)",1008,435,0.3,4.76,5.73,-0.11,0.29
61,"Xã Hướng Hiệp",D+4-7,"Mùa mưa (T9-T12)",340,148,0.9,7.38,17.56,7.18,16.88
61,"Xã Hướng Hiệp",D+4-7,"Mùa khô (T1-T8)",1344,580,0.5,4.79,5.06,-0.59,-1.29
62,"Phường Nam Đông Hà",D+1-3,"Mùa mưa (T9-T12)",255,111,2.5,6.76,7.66,-0.74,0.89
62,"Phường Nam Đông Hà",D+1-3,"Mùa khô (T1-T8)",1008,435,0.6,3.7,6.29,1.41,4
62,"Phường Nam Đông Hà",D+4-7,"Mùa mưa (T9-T12)",340,148,1.7,7.47,10.74,1.47,6.62
62,"Phường Nam Đông Hà",D+4-7,"Mùa khô (T1-T8)",1344,580,0.6,3.64,6.22,1.03,3.47
63,"Xã Tân Lập",D+1-3,"Mùa mưa (T9-T12)",255,111,0.8,2.12,4.72,0.51,3.4
63,"Xã Tân Lập",D+1-3,"Mùa khô (T1-T8)",1008,435,0.6,9.06,10.76,-4.68,-2.1
63,"Xã Tân Lập",D+4-7,"Mùa mưa (T9-T12)",340,148,0.7,2.55,6.89,0.69,5.11
63,"Xã Tân Lập",D+4-7,"Mùa khô (T1-T8)",1344,580,0.6,9.34,10.03,-5.1,-3.7
64,"Xã Triệu Cơ",D+1-3,"Mùa mưa (T9-T12)",255,111,1.7,7.16,7.9,-0.55,1.94
64,"Xã Triệu Cơ",D+1-3,"Mùa khô (T1-T8)",1008,435,0.6,2.97,4.95,1.97,3.8
64,"Xã Triệu Cơ",D+4-7,"Mùa mưa (T9-T12)",340,148,1.4,8.4,14.32,3.28,11.29
64,"Xã Triệu Cơ",D+4-7,"Mùa khô (T1-T8)",1344,580,0.6,2.49,5.27,1.57,4.22
65,"Xã Cửa Việt",D+1-3,"Mùa mưa (T9-T12)",255,111,2,6.34,7.01,-0.21,2.26
65,"Xã Cửa Việt",D+1-3,"Mùa khô (T1-T8)",1008,435,0.5,3.47,5.28,1.09,2.86
65,"Xã Cửa Việt",D+4-7,"Mùa mưa (T9-T12)",340,148,1.6,8.97,14.41,3.52,10.6
65,"Xã Cửa Việt",D+4-7,"Mùa khô (T1-T8)",1344,580,0.6,3.33,6.04,0.64,3.14
66,"Xã Lìa",D+1-3,"Mùa mưa (T9-T12)",255,111,1,2.59,5.19,0.57,2.99
66,"Xã Lìa",D+1-3,"Mùa khô (T1-T8)",1008,435,0.3,9.3,15.78,-3.78,6
66,"Xã Lìa",D+4-7,"Mùa mưa (T9-T12)",340,148,0.8,3.17,7.64,1.29,5.27
66,"Xã Lìa",D+4-7,"Mùa khô (T1-T8)",1344,580,0.3,9.51,13.27,-4.43,1.84
67,"Xã Khe Sanh",D+1-3,"Mùa mưa (T9-T12)",255,111,0.8,2.28,5.9,1.17,4.8
67,"Xã Khe Sanh",D+1-3,"Mùa khô (T1-T8)",1008,435,0.4,9.37,10.94,-5.88,-3.53
67,"Xã Khe Sanh",D+4-7,"Mùa mưa (T9-T12)",340,148,0.7,2.51,8.06,1.07,6.78
67,"Xã Khe Sanh",D+4-7,"Mùa khô (T1-T8)",1344,580,0.4,9.61,10.16,-6.26,-4.76
68,"Xã Triệu Bình",D+1-3,"Mùa mưa (T9-T12)",255,111,2.7,6.3,6.99,-0.96,0.91
68,"Xã Triệu Bình",D+1-3,"Mùa khô (T1-T8)",1008,435,0.4,3.28,5.21,2.45,4.32
68,"Xã Triệu Bình",D+4-7,"Mùa mưa (T9-T12)",340,148,1.6,7.7,12.4,2.19,8.58
68,"Xã Triệu Bình",D+4-7,"Mùa khô (T1-T8)",1344,580,0.6,2.78,5.99,1.95,5.05
69,"Xã Ái Tử",D+1-3,"Mùa mưa (T9-T12)",255,111,2.5,6.76,7.66,-0.74,0.89
69,"Xã Ái Tử",D+1-3,"Mùa khô (T1-T8)",1008,435,0.6,3.43,6.11,1.66,4.43
69,"Xã Ái Tử",D+4-7,"Mùa mưa (T9-T12)",340,148,1.7,7.47,10.72,1.47,6.6
69,"Xã Ái Tử",D+4-7,"Mùa khô (T1-T8)",1344,580,0.7,3.25,5.95,1.28,3.85
70,"Xã Gio Linh",D+1-3,"Mùa mưa (T9-T12)",255,111,2.7,5.92,7.04,-1.15,0.99
70,"Xã Gio Linh",D+1-3,"Mùa khô (T1-T8)",1008,435,0.6,3.23,4.78,2.35,3.89
70,"Xã Gio Linh",D+4-7,"Mùa mưa (T9-T12)",340,148,1.6,7.51,12.17,1.52,7.44
70,"Xã Gio Linh",D+4-7,"Mùa khô (T1-T8)",1344,580,0.7,2.91,4.64,1.91,3.45
71,"Phường Đông Hà",D+1-3,"Mùa mưa (T9-T12)",255,111,2.7,5.8,7.03,-1.56,0.68
71,"Phường Đông Hà",D+1-3,"Mùa khô (T1-T8)",1008,435,0.5,3.66,6.51,1.44,4.46
71,"Phường Đông Hà",D+4-7,"Mùa mưa (T9-T12)",340,148,1.4,6.94,9.65,-0.07,5.02
71,"Phường Đông Hà",D+4-7,"Mùa khô (T1-T8)",1344,580,0.6,3.66,7.4,1.03,4.68
72,"Xã Bến Quan",D+1-3,"Mùa mưa (T9-T12)",255,111,3.1,5.44,6.92,1.08,2.62
72,"Xã Bến Quan",D+1-3,"Mùa khô (T1-T8)",1008,435,1.4,3.66,3.22,1.64,0.47
72,"Xã Bến Quan",D+4-7,"Mùa mưa (T9-T12)",340,148,2.6,6.94,9.01,1.12,4.76
72,"Xã Bến Quan",D+4-7,"Mùa khô (T1-T8)",1344,580,1.5,3.37,3.02,1.04,-0.07
73,"Xã Cửa Tùng",D+1-3,"Mùa mưa (T9-T12)",255,111,1.7,6.6,8.56,0.12,3.48
73,"Xã Cửa Tùng",D+1-3,"Mùa khô (T1-T8)",1008,435,0.5,3.51,5.29,1.16,3.01
73,"Xã Cửa Tùng",D+4-7,"Mùa mưa (T9-T12)",340,148,1.6,10.05,17.78,4.5,14
73,"Xã Cửa Tùng",D+4-7,"Mùa khô (T1-T8)",1344,580,0.7,3.18,4.62,0.47,1.8
74,"Xã Hướng Lập",D+1-3,"Mùa mưa (T9-T12)",255,111,1.8,9.56,13.37,9.55,13.15
74,"Xã Hướng Lập",D+1-3,"Mùa khô (T1-T8)",1008,435,0.6,7.35,7.53,-2.54,-3.3
74,"Xã Hướng Lập",D+4-7,"Mùa mưa (T9-T12)",340,148,1.4,10.88,16.77,10.87,16.62
74,"Xã Hướng Lập",D+4-7,"Mùa khô (T1-T8)",1344,580,0.7,7.62,7.7,-2.84,-4.56
75,"Xã Hướng Phùng",D+1-3,"Mùa mưa (T9-T12)",255,111,1.5,4.92,9.75,4.78,9.33
75,"Xã Hướng Phùng",D+1-3,"Mùa khô (T1-T8)",1008,435,0.7,5.45,7.05,1.61,2.9
75,"Xã Hướng Phùng",D+4-7,"Mùa mưa (T9-T12)",340,148,1.2,4.99,11.26,4.69,10.42
75,"Xã Hướng Phùng",D+4-7,"Mùa khô (T1-T8)",1344,580,0.8,5.57,6.49,1.4,1.88
76,"Xã Lao Bảo",D+1-3,"Mùa mưa (T9-T12)",255,111,0.4,1.81,2.98,-1.06,0.63
76,"Xã Lao Bảo",D+1-3,"Mùa khô (T1-T8)",1008,435,0.8,11.62,13.73,-6.92,-2.31
76,"Xã Lao Bảo",D+4-7,"Mùa mưa (T9-T12)",340,148,0.3,2.09,4.27,-1.06,1.71
76,"Xã Lao Bảo",D+4-7,"Mùa khô (T1-T8)",1344,580,0.9,12.21,12.6,-7.34,-3.61
77,"Xã A Dơi",D+1-3,"Mùa mưa (T9-T12)",255,111,1.6,4.62,7.46,3.55,5.59
77,"Xã A Dơi",D+1-3,"Mùa khô (T1-T8)",1008,435,0.3,6.99,9.64,-2.4,1.65
77,"Xã A Dơi",D+4-7,"Mùa mưa (T9-T12)",340,148,1.1,5.85,12.52,5,11.21
77,"Xã A Dơi",D+4-7,"Mùa khô (T1-T8)",1344,580,0.4,7.12,8.71,-2.82,-0.53
78,"Xã La Lay",D+1-3,"Mùa mưa (T9-T12)",255,111,1.6,3.09,4.1,0.95,1.41
78,"Xã La Lay",D+1-3,"Mùa khô (T1-T8)",1008,435,0.4,3.97,6.65,-0.25,3.27
78,"Xã La Lay",D+4-7,"Mùa mưa (T9-T12)",340,148,1.2,4,7.94,2.09,5.8
78,"Xã La Lay",D+4-7,"Mùa khô (T1-T8)",1344,580,0.5,3.92,4.66,-0.83,-0.04